[
  {
    "city": "New York",
    "state": "NY",
    "slug": "new-york-ny",
    "population": 8804190
  },
  {
    "city": "Los Angeles",
    "state": "CA",
    "slug": "los-angeles-ca",
    "population": 3898747
  },
  {
    "city": "Chicago",
    "state": "IL",
    "slug": "chicago-il",
    "population": 2746388
  },
  {
    "city": "Houston",
    "state": "TX",
    "slug": "houston-tx",
    "population": 2304580
  },
  {
    "city": "Phoenix",
    "state": "AZ",
    "slug": "phoenix-az",
    "population": 1608139
  },
  {
    "city": "Philadelphia",
    "state": "PA",
    "slug": "philadelphia-pa",
    "population": 1603797
  },
  {
    "city": "San Antonio",
    "state": "TX",
    "slug": "san-antonio-tx",
    "population": 1434625
  },
  {
    "city": "San Diego",
    "state": "CA",
    "slug": "san-diego-ca",
    "population": 1386932
  },
  {
    "city": "Dallas",
    "state": "TX",
    "slug": "dallas-tx",
    "population": 1304379
  },
  {
    "city": "San Jose",
    "state": "CA",
    "slug": "san-jose-ca",
    "population": 1013240
  },
  {
    "city": "Austin",
    "state": "TX",
    "slug": "austin-tx",
    "population": 961855
  },
  {
    "city": "Jacksonville",
    "state": "FL",
    "slug": "jacksonville-fl",
    "population": 949611
  },
  {
    "city": "Fort Worth",
    "state": "TX",
    "slug": "fort-worth-tx",
    "population": 918915
  },
  {
    "city": "Columbus",
    "state": "OH",
    "slug": "columbus-oh",
    "population": 905748
  },
  {
    "city": "Indianapolis",
    "state": "IN",
    "slug": "indianapolis-in",
    "population": 887642
  },
  {
    "city": "Charlotte",
    "state": "NC",
    "slug": "charlotte-nc",
    "population": 874579
  },
  {
    "city": "San Francisco",
    "state": "CA",
    "slug": "san-francisco-ca",
    "population": 873965
  },
  {
    "city": "Seattle",
    "state": "WA",
    "slug": "seattle-wa",
    "population": 737015
  },
  {
    "city": "Denver",
    "state": "CO",
    "slug": "denver-co",
    "population": 715522
  },
  {
    "city": "Oklahoma City",
    "state": "OK",
    "slug": "oklahoma-city-ok",
    "population": 681054
  },
  {
    "city": "Nashville",
    "state": "TN",
    "slug": "nashville-tn",
    "population": 689447
  },
  {
    "city": "El Paso",
    "state": "TX",
    "slug": "el-paso-tx",
    "population": 678815
  },
  {
    "city": "Washington",
    "state": "DC",
    "slug": "washington-dc",
    "population": 689545
  },
  {
    "city": "Boston",
    "state": "MA",
    "slug": "boston-ma",
    "population": 675647
  },
  {
    "city": "Las Vegas",
    "state": "NV",
    "slug": "las-vegas-nv",
    "population": 641903
  },
  {
    "city": "Portland",
    "state": "OR",
    "slug": "portland-or",
    "population": 652503
  },
  {
    "city": "Detroit",
    "state": "MI",
    "slug": "detroit-mi",
    "population": 639111
  },
  {
    "city": "Louisville",
    "state": "KY",
    "slug": "louisville-ky",
    "population": 633045
  },
  {
    "city": "Memphis",
    "state": "TN",
    "slug": "memphis-tn",
    "population": 633104
  },
  {
    "city": "Baltimore",
    "state": "MD",
    "slug": "baltimore-md",
    "population": 585708
  },
  {
    "city": "Milwaukee",
    "state": "WI",
    "slug": "milwaukee-wi",
    "population": 577222
  },
  {
    "city": "Albuquerque",
    "state": "NM",
    "slug": "albuquerque-nm",
    "population": 564559
  },
  {
    "city": "Tucson",
    "state": "AZ",
    "slug": "tucson-az",
    "population": 542629
  },
  {
    "city": "Fresno",
    "state": "CA",
    "slug": "fresno-ca",
    "population": 542107
  },
  {
    "city": "Mesa",
    "state": "AZ",
    "slug": "mesa-az",
    "population": 504258
  },
  {
    "city": "Sacramento",
    "state": "CA",
    "slug": "sacramento-ca",
    "population": 524943
  },
  {
    "city": "Atlanta",
    "state": "GA",
    "slug": "atlanta-ga",
    "population": 498715
  },
  {
    "city": "Kansas City",
    "state": "MO",
    "slug": "kansas-city-mo",
    "population": 508090
  },
  {
    "city": "Colorado Springs",
    "state": "CO",
    "slug": "colorado-springs-co",
    "population": 478961
  },
  {
    "city": "Omaha",
    "state": "NE",
    "slug": "omaha-ne",
    "population": 486051
  },
  {
    "city": "Raleigh",
    "state": "NC",
    "slug": "raleigh-nc",
    "population": 467665
  },
  {
    "city": "Miami",
    "state": "FL",
    "slug": "miami-fl",
    "population": 442241
  },
  {
    "city": "Long Beach",
    "state": "CA",
    "slug": "long-beach-ca",
    "population": 466742
  },
  {
    "city": "Virginia Beach",
    "state": "VA",
    "slug": "virginia-beach-va",
    "population": 459470
  },
  {
    "city": "Oakland",
    "state": "CA",
    "slug": "oakland-ca",
    "population": 440646
  },
  {
    "city": "Minneapolis",
    "state": "MN",
    "slug": "minneapolis-mn",
    "population": 429954
  },
  {
    "city": "Tulsa",
    "state": "OK",
    "slug": "tulsa-ok",
    "population": 413066
  },
  {
    "city": "Arlington",
    "state": "TX",
    "slug": "arlington-tx",
    "population": 394266
  },
  {
    "city": "Tampa",
    "state": "FL",
    "slug": "tampa-fl",
    "population": 384959
  },
  {
    "city": "New Orleans",
    "state": "LA",
    "slug": "new-orleans-la",
    "population": 383997
  },
  {
    "city": "Wichita",
    "state": "KS",
    "slug": "wichita-ks",
    "population": 397532
  },
  {
    "city": "Cleveland",
    "state": "OH",
    "slug": "cleveland-oh",
    "population": 372624
  },
  {
    "city": "Bakersfield",
    "state": "CA",
    "slug": "bakersfield-ca",
    "population": 403455
  },
  {
    "city": "Aurora",
    "state": "CO",
    "slug": "aurora-co",
    "population": 386261
  },
  {
    "city": "Anaheim",
    "state": "CA",
    "slug": "anaheim-ca",
    "population": 346824
  },
  {
    "city": "Honolulu",
    "state": "HI",
    "slug": "honolulu-hi",
    "population": 350964
  },
  {
    "city": "Santa Ana",
    "state": "CA",
    "slug": "santa-ana-ca",
    "population": 310227
  },
  {
    "city": "Riverside",
    "state": "CA",
    "slug": "riverside-ca",
    "population": 314998
  },
  {
    "city": "Corpus Christi",
    "state": "TX",
    "slug": "corpus-christi-tx",
    "population": 317863
  },
  {
    "city": "Lexington",
    "state": "KY",
    "slug": "lexington-ky",
    "population": 322570
  },
  {
    "city": "Henderson",
    "state": "NV",
    "slug": "henderson-nv",
    "population": 317610
  },
  {
    "city": "Stockton",
    "state": "CA",
    "slug": "stockton-ca",
    "population": 320804
  },
  {
    "city": "Saint Paul",
    "state": "MN",
    "slug": "saint-paul-mn",
    "population": 311527
  },
  {
    "city": "Cincinnati",
    "state": "OH",
    "slug": "cincinnati-oh",
    "population": 309317
  },
  {
    "city": "St. Louis",
    "state": "MO",
    "slug": "st-louis-mo",
    "population": 301578
  },
  {
    "city": "Pittsburgh",
    "state": "PA",
    "slug": "pittsburgh-pa",
    "population": 300286
  },
  {
    "city": "Greensboro",
    "state": "NC",
    "slug": "greensboro-nc",
    "population": 299035
  },
  {
    "city": "Lincoln",
    "state": "NE",
    "slug": "lincoln-ne",
    "population": 291082
  },
  {
    "city": "Anchorage",
    "state": "AK",
    "slug": "anchorage-ak",
    "population": 291247
  },
  {
    "city": "Plano",
    "state": "TX",
    "slug": "plano-tx",
    "population": 285494
  },
  {
    "city": "Orlando",
    "state": "FL",
    "slug": "orlando-fl",
    "population": 307573
  },
  {
    "city": "Irvine",
    "state": "CA",
    "slug": "irvine-ca",
    "population": 307670
  },
  {
    "city": "Newark",
    "state": "NJ",
    "slug": "newark-nj",
    "population": 311549
  },
  {
    "city": "Toledo",
    "state": "OH",
    "slug": "toledo-oh",
    "population": 270871
  },
  {
    "city": "Durham",
    "state": "NC",
    "slug": "durham-nc",
    "population": 283506
  },
  {
    "city": "Chula Vista",
    "state": "CA",
    "slug": "chula-vista-ca",
    "population": 275487
  },
  {
    "city": "Fort Wayne",
    "state": "IN",
    "slug": "fort-wayne-in",
    "population": 263886
  },
  {
    "city": "Jersey City",
    "state": "NJ",
    "slug": "jersey-city-nj",
    "population": 292449
  },
  {
    "city": "St. Petersburg",
    "state": "FL",
    "slug": "st-petersburg-fl",
    "population": 258308
  },
  {
    "city": "Laredo",
    "state": "TX",
    "slug": "laredo-tx",
    "population": 255205
  },
  {
    "city": "Madison",
    "state": "WI",
    "slug": "madison-wi",
    "population": 269840
  },
  {
    "city": "Chandler",
    "state": "AZ",
    "slug": "chandler-az",
    "population": 275987
  },
  {
    "city": "Buffalo",
    "state": "NY",
    "slug": "buffalo-ny",
    "population": 278349
  },
  {
    "city": "Lubbock",
    "state": "TX",
    "slug": "lubbock-tx",
    "population": 257141
  },
  {
    "city": "Scottsdale",
    "state": "AZ",
    "slug": "scottsdale-az",
    "population": 241361
  },
  {
    "city": "Reno",
    "state": "NV",
    "slug": "reno-nv",
    "population": 264165
  },
  {
    "city": "Glendale",
    "state": "AZ",
    "slug": "glendale-az",
    "population": 248325
  },
  {
    "city": "Gilbert",
    "state": "AZ",
    "slug": "gilbert-az",
    "population": 267918
  },
  {
    "city": "Winston-Salem",
    "state": "NC",
    "slug": "winston-salem-nc",
    "population": 249545
  },
  {
    "city": "North Las Vegas",
    "state": "NV",
    "slug": "north-las-vegas-nv",
    "population": 262527
  },
  {
    "city": "Norfolk",
    "state": "VA",
    "slug": "norfolk-va",
    "population": 238005
  },
  {
    "city": "Chesapeake",
    "state": "VA",
    "slug": "chesapeake-va",
    "population": 249422
  },
  {
    "city": "Garland",
    "state": "TX",
    "slug": "garland-tx",
    "population": 246018
  },
  {
    "city": "Irving",
    "state": "TX",
    "slug": "irving-tx",
    "population": 256684
  },
  {
    "city": "Hialeah",
    "state": "FL",
    "slug": "hialeah-fl",
    "population": 223109
  },
  {
    "city": "Fremont",
    "state": "CA",
    "slug": "fremont-ca",
    "population": 230504
  },
  {
    "city": "Boise",
    "state": "ID",
    "slug": "boise-id",
    "population": 235684
  },
  {
    "city": "Richmond",
    "state": "VA",
    "slug": "richmond-va",
    "population": 226610
  },
  {
    "city": "Baton Rouge",
    "state": "LA",
    "slug": "baton-rouge-la",
    "population": 227470
  }
]